{
  "faithfulness": 0.7681096681096681,
  "answer_relevancy": 0.7264639895044516,
  "num_questions": 25
}